Lucas,Martínez,lucas.martinez@email.com
Sofía,González,sofia.gonzalez@email.com
Mateo,Rodríguez,mateo.rodriguez@email.com
Valentina,López,valentina.lopez@email.com
Benjamín,Pérez,benjamin.perez@email.com
Isabella,Sánchez,isabella.sanchez@email.com
Thiago,Ramírez,thiago.ramirez@email.com
Camila,Torres,camila.torres@email.com
Santiago,Flores,santiago.flores@email.com
Martina,Rivera,martina.rivera@email.com
Emilio,Díaz,emilio.diaz@email.com
Josefina,Romero,josefina.romero@email.com
Dylan,Herrera,dylan.herrera@email.com
Antonella,Vargas,antonella.vargas@email.com
Alejandro,Castro,alejandro.castro@email.com
Agustina,Méndez,agustina.mendez@email.com
Bruno,Silva,bruno.silva@email.com
Julieta,Rojas,julieta.rojas@email.com
Simón,Ortega,simon.ortega@email.com
Luciana,Navarro,luciana.navarro@email.com
Gabriel,Molina,gabriel.molina@email.com
Renata,Ramos,renata.ramos@email.com
Tomás,Guzmán,tomas.guzman@email.com
Emilia,Peña,emilia.pena@email.com
Facundo,Soto,facundo.soto@email.com
Catalina,Delgado,catalina.delgado@email.com
Joaquín,Morales,joaquin.morales@email.com
Mía,Carrillo,mia.carrillo@email.com
Iván,Figueroa,ivan.figueroa@email.com
Paula,Campos,paula.campos@email.com
